prompt,rate,Unnamed: 2,Unnamed: 3,Unnamed: 4,Unnamed: 5,Unnamed: 6
"Role: Software Intern, User Description: I'm in the early stages of my software engineering degree, lacking professional experience. I possess coding skills in both Python and javascript, with a basic understanding of databases and the ability to use basic database queries. I've also completed a Python certification to strengthen my foundation.",Moderate,,,,,
"Role: Software Intern, User Description: Currently pursuing my software engineering degree, I'm new to the field and have no prior work experience. I'm proficient in Python and Java, with a basic grasp of databases and the capability to execute fundamental database queries. I've taken the initiative to complete a Python certification. I have built basic websites in react. I know html, css, javascript",Moderate,,,,,
"Role: Software Engineer, User Description: I'm an undergraduate with internship experience under my belt. My focus is on application development using either Java or JavaScript. I've gained proficiency in frameworks like Angular and React, and I also have practical exposure to Docker.",Moderate,,,,,
"Role: Software Engineer, User Description: Currently an undergraduate, I've completed an internship where I honed my skills. I specialize in building applications using Java or JavaScript, with expertise in frameworks like Angular and React. Additionally, I have practical experience with AWS cloud.",Moderate,,,,,
"Role: Software Engineer, User Description: I'm still an undergraduate but have completed an internship, gaining valuable experience. I excel in developing applications using either Java or JavaScript, and I'm well-versed in frameworks such as Angular and React. Additionally, I have practical experience with making technolgy choices. I have built plugins and automation systems in my previous company",Moderate,,,,,
"Role: Technical Lead, User Description: With over 5 years of industry experience, I currently serve as a Software Engineer. I specialize in leading engineering teams, and my programming skills include languages like Python and JavaScript. I've successfully managed projects utilizing DevOps tools such as Jenkins and Git.",Moderate,,,,,
"Role: Technical Lead, User Description: With 6 industry experience, I am currently a Senior Engineer. overseeing engineering teams. My programming expertise lies in languages like Java and Ruby. I have successfully led projects involving cloud platforms such as AWS and Google Cloud.",Moderate,,,,,
"Role: Technical Lead, User Description: I bring 1 year of of industry experience to my role as a Technical Lead. Leading engineering teams is my forte, and I'm proficient in programming languages like Python and C++. My project management experience includes handling projects with technologies like Docker and Jenkins.",Moderate,,,,,
"Role: Software Architect, User Description: With over 5 years of experience in software development, I hold the position of Technical Lead. My focus is on designing robust and scalable systems. I'm proficient in programming languages like C# and JavaScript, and I've contributed to architecture decisions for projects utilizing technologies like microservices and Docker.",Moderate,,,,,
"Role: Software Architect, User Description: With a solid background in software development spanning over 8 years, I currently serve as a Senior Engineer in a enterprise. My expertise lies in designing scalable and efficient systems. I have a strong command of programming languages like Java and Python, and I've successfully led architecture decisions for projects involving cloud technologies such as AWS and Azure.",Moderate,,,,,
"Role: Software Architect, User Description: With around 7 years of experience in software development, I currently work as a Technical Lead. My role involves designing and implementing scalable architectures. Proficient in languages like Python and Ruby, I've contributed to the architecture decisions for projects utilizing cloud technologies like Google Cloud and Kubernetes.",Moderate,,,,,
"Role: Software Engineer
User Description: With over five years of experience, my journey has been focused on designing and implementing software solutions that optimize efficiency and user experience. My expertise spans both frontend and backend development, contributing comprehensively to project lifecycles. I have successfully implemented RESTful APIs, integrated third-party services, and collaborated with UI/UX designers to create visually appealing and functional applications. Constantly staying updated on industry trends ensures that I bring innovative solutions to the ever-evolving challenges presented by technology landscapes.",good,,,,,
"Role: Technical Lead
User Description: My leadership journey involves guiding teams through the intricacies of software development projects. I have championed best practices in coding standards, code reviews, and project management methodologies. Responsibilities include overseeing technical aspects, ensuring alignment with business objectives, and mentoring team members to foster a culture of continuous improvement. Thriving in dynamic environments, my strategic thinking, technical expertise, and effective communication contribute to the overall success of projects.",good,,,,,
"Role: Technical Lead
User Description: Taking charge of projects, my focus on leading teams to successful outcomes involves a combination of strategic thinking and technical proficiency. Designing and implementing scalable architectures, orchestrating seamless migrations, and facilitating collaboration among cross-functional teams have been integral to my leadership approach. A strong emphasis on mentorship, knowledge sharing, and fostering a culture of innovation drives continuous growth both for individual team members and the organizations I am part of.",good,,,,,
"Role: Software Architect
User Description: Crafting intricate software architectures that balance scalability, performance, and maintainability has been a hallmark of my career. Successfully designing microservices-based systems, incorporating fault tolerance and ensuring smooth interoperability, demonstrates my commitment to creating sustainable solutions. The emphasis on aligning technical decisions with business objectives results in the creation of architectures that withstand the test of time. My passion for innovation and staying at the forefront of technology trends positions me as a forward-thinking architect capable of shaping the future of software systems.",good,,,,,
"Role: Software Architect
User Description: Specializing in architecting software solutions that transcend the conventional, my approach incorporates cutting-edge technologies and design principles. Understanding both the technical intricacies and overarching goals of a project has been instrumental in crafting architectures that support the evolution of applications, ensuring adaptability to changing requirements. A commitment to excellence, combined with a focus on collaborative decision-making, positions me as a Software Architect ready to shape the technological landscape of tomorrow.",good,,,,,
"Role: Software Architect
User Description: Accomplished Software Architect with a track record of crafting intricate solutions to meet business needs. I specialize in aligning technical decisions with overarching goals, resulting in sustainable solutions. My commitment to staying at the forefront of technology trends allows me to bring cutting-edge solutions to architectural challenges. Excited about contributing my expertise to shape the future of software systems.",good,,,,,
"Role: Software Architect
User Description: With a decade of experience in architecting software solutions, I've crafted architectures that balance scalability, performance, and maintainability. Major achievements include designing a microservices-based system that improved system reliability by 25%. My passion for innovation, coupled with a keen understanding of business objectives, positions me as a forward-thinking Software Architect ready to shape the technological landscape.",good,,,,,
"Role: Software Architect
User Description: Accomplished Software Architect with a track record of crafting intricate solutions to meet business needs. I specialize in aligning technical decisions with overarching goals, resulting in sustainable solutions. My commitment to staying at the forefront of technology trends allows me to bring cutting-edge solutions to architectural challenges. Excited about contributing my expertise to shape the future of software systems.",good,,,,,
"Role: Technical Lead
User Description: Experienced Technical Lead with a proven track record of overseeing technical aspects, aligning projects with business objectives, and mentoring team members. My focus on strategic thinking and effective communication has led to successful project outcomes. Passionate about creating a culture of continuous improvement, I'm ready to contribute to dynamic environments and drive projects to success.",good,,,,,
"Role: Technical Lead
User Description: With eight years of experience, I've successfully led teams through intricate software development projects. Notable achievements include implementing coding standards that resulted in a 20% reduction in post-release bugs. As a Technical Lead, I bring a strategic mindset, technical proficiency, and a commitment to fostering a collaborative environment for continuous improvement and project success.",good,,,,,
"Role: Software Engineer
User Description: Seasoned software engineer with a track record of delivering high-quality products. I've specialized in RESTful API implementation, third-party service integration, and collaborating with cross-functional teams. My passion for staying abreast of industry trends positions me to bring fresh and innovative solutions to the ever-evolving challenges in software development.",good,,,,,
"Role: Software Engineer
User Description: With five years of experience in software engineering, I've successfully designed and implemented solutions to optimize efficiency and enhance user experiences. My achievements include spearheading the development of a critical module that increased application performance by 30%. Passionate about staying ahead in the tech landscape, I bring a wealth of knowledge in both frontend and backend development, aiming to contribute to innovative projects.",good,,,,,
"Role: Software Engineering Intern
User Description: Recent graduate with hands-on experience in database design, API integration, and responsive web development. Eager to leverage my skills in a professional setting, I actively contributed to a cross-functional team during my studies. Excited about the opportunity to learn and make meaningful contributions as a Software Engineering Intern.",good,,,,,
"Role: Software Engineering Intern
User Description: As a recent graduate passionate about web development, I've dived into Java and Python during my studies. Collaborating on a team project to enhance a mobile app, I demonstrated adaptability and teamwork. Now, seeking an internship to apply my skills, I bring a fresh perspective, a solid understanding of backend functionality, and a commitment to learning and contributing to real-world software projects.",good,,,,,
"Role: Software Intern, User Description: I just started learning programming, so I don't have any real skills yet. I'm not sure what a software engineering intern does, but I thought I'd give it a try.",Bad,,,,,
"Role: Software Intern, User Description: I don't have any experience in coding, and I haven't built any websites before. I'm not even sure if I'll be good at this, but I need an opportunity to work.",Bad,,,,,
"Role: Software Intern, User Description: I did business for my ALs, and I don't think it's related to programming, but maybe I can still get an internship. I don't know anything about databases, though.",Bad,,,,,
"Role: Software Intern, User Description: I'm only doing my degree, and I don't have any certifications yet. I hope that's not a problem. I'm not really confident in my programming skills, to be honest.",Bad,,,,,
"Role: Software Intern, User Description: I don't have any idea about databases, and I haven't learned how to build a website. I'm not sure why I applied for this role; I guess I just wanted to see what happens.",Bad,,,,,
"Role: Software Engineer, User Description: I'm currently an undergraduate with no industry experience, and I don't possess any certifications. While I can write basic Python code, I haven't worked on any significant software projects, and I lack practical experience in the Software Development life cycle.",Bad,,,,,
,,,,,,
,,,,,,
,,,,,,
,,,,,,
,,,,,,
,,,,,,
,,,,,,
,,,,,,
,,,,,,
,,,,,,
,,,,,,
,,,,,,
,,,,,,
,,,,,,
,,,,,,
,,,,,,
,,,,,,
,,,,,,
,,,,,,
,,,,,,
,,,,,,
,,,,,,
,,,,,,
,,,,,,
,,,,,,
,,,,,,
,,,,,,
,,,,,,
,,,,,,
